-- MySQL dump 10.13  Distrib 8.0.30, for Linux (x86_64)
--
-- Host: localhost    Database: bff
-- ------------------------------------------------------
-- Server version	8.0.30-0ubuntu0.20.04.2

/*!40101 SET @OLD_CHARACTER_SET_CLIENT=@@CHARACTER_SET_CLIENT */;
/*!40101 SET @OLD_CHARACTER_SET_RESULTS=@@CHARACTER_SET_RESULTS */;
/*!40101 SET @OLD_COLLATION_CONNECTION=@@COLLATION_CONNECTION */;
/*!50503 SET NAMES utf8mb4 */;
/*!40103 SET @OLD_TIME_ZONE=@@TIME_ZONE */;
/*!40103 SET TIME_ZONE='+00:00' */;
/*!40014 SET @OLD_UNIQUE_CHECKS=@@UNIQUE_CHECKS, UNIQUE_CHECKS=0 */;
/*!40014 SET @OLD_FOREIGN_KEY_CHECKS=@@FOREIGN_KEY_CHECKS, FOREIGN_KEY_CHECKS=0 */;
/*!40101 SET @OLD_SQL_MODE=@@SQL_MODE, SQL_MODE='NO_AUTO_VALUE_ON_ZERO' */;
/*!40111 SET @OLD_SQL_NOTES=@@SQL_NOTES, SQL_NOTES=0 */;

--
-- Table structure for table `admins`
--

DROP TABLE IF EXISTS `admins`;
/*!40101 SET @saved_cs_client     = @@character_set_client */;
/*!50503 SET character_set_client = utf8mb4 */;
CREATE TABLE `admins` (
  `id` bigint unsigned NOT NULL AUTO_INCREMENT,
  `name` varchar(255) COLLATE utf8mb4_unicode_ci NOT NULL,
  `email` varchar(255) COLLATE utf8mb4_unicode_ci DEFAULT NULL,
  `email_verified_at` timestamp NULL DEFAULT NULL,
  `password` varchar(255) COLLATE utf8mb4_unicode_ci NOT NULL,
  `remember_token` varchar(100) COLLATE utf8mb4_unicode_ci DEFAULT NULL,
  `created_at` timestamp NULL DEFAULT NULL,
  `updated_at` timestamp NULL DEFAULT NULL,
  PRIMARY KEY (`id`)
) ENGINE=InnoDB AUTO_INCREMENT=2 DEFAULT CHARSET=utf8mb4 COLLATE=utf8mb4_unicode_ci;
/*!40101 SET character_set_client = @saved_cs_client */;

--
-- Dumping data for table `admins`
--

LOCK TABLES `admins` WRITE;
/*!40000 ALTER TABLE `admins` DISABLE KEYS */;
INSERT INTO `admins` VALUES (1,'BFF Admin','admin@gmail.com',NULL,'$2y$10$xixK5cs8A45CJ8jU0GjXgOus41CSRdd0adNBdAnNSprCJ7zG56uJ.',NULL,'2022-08-07 22:42:39','2022-08-07 22:42:39');
/*!40000 ALTER TABLE `admins` ENABLE KEYS */;
UNLOCK TABLES;

--
-- Table structure for table `failed_jobs`
--

DROP TABLE IF EXISTS `failed_jobs`;
/*!40101 SET @saved_cs_client     = @@character_set_client */;
/*!50503 SET character_set_client = utf8mb4 */;
CREATE TABLE `failed_jobs` (
  `id` bigint unsigned NOT NULL AUTO_INCREMENT,
  `uuid` varchar(255) COLLATE utf8mb4_unicode_ci NOT NULL,
  `connection` text COLLATE utf8mb4_unicode_ci NOT NULL,
  `queue` text COLLATE utf8mb4_unicode_ci NOT NULL,
  `payload` longtext COLLATE utf8mb4_unicode_ci NOT NULL,
  `exception` longtext COLLATE utf8mb4_unicode_ci NOT NULL,
  `failed_at` timestamp NOT NULL DEFAULT CURRENT_TIMESTAMP,
  PRIMARY KEY (`id`),
  UNIQUE KEY `failed_jobs_uuid_unique` (`uuid`)
) ENGINE=InnoDB DEFAULT CHARSET=utf8mb4 COLLATE=utf8mb4_unicode_ci;
/*!40101 SET character_set_client = @saved_cs_client */;

--
-- Dumping data for table `failed_jobs`
--

LOCK TABLES `failed_jobs` WRITE;
/*!40000 ALTER TABLE `failed_jobs` DISABLE KEYS */;
/*!40000 ALTER TABLE `failed_jobs` ENABLE KEYS */;
UNLOCK TABLES;

--
-- Table structure for table `migrations`
--

DROP TABLE IF EXISTS `migrations`;
/*!40101 SET @saved_cs_client     = @@character_set_client */;
/*!50503 SET character_set_client = utf8mb4 */;
CREATE TABLE `migrations` (
  `id` int unsigned NOT NULL AUTO_INCREMENT,
  `migration` varchar(255) COLLATE utf8mb4_unicode_ci NOT NULL,
  `batch` int NOT NULL,
  PRIMARY KEY (`id`)
) ENGINE=InnoDB AUTO_INCREMENT=8 DEFAULT CHARSET=utf8mb4 COLLATE=utf8mb4_unicode_ci;
/*!40101 SET character_set_client = @saved_cs_client */;

--
-- Dumping data for table `migrations`
--

LOCK TABLES `migrations` WRITE;
/*!40000 ALTER TABLE `migrations` DISABLE KEYS */;
INSERT INTO `migrations` VALUES (1,'2014_10_12_000000_create_users_table',1),(2,'2014_10_12_100000_create_password_resets_table',1),(3,'2019_08_19_000000_create_failed_jobs_table',1),(4,'2019_12_14_000001_create_personal_access_tokens_table',1),(5,'2022_01_22_174903_create_predictions_table',1),(6,'2022_01_23_094112_create_admins_table',1),(7,'2022_01_23_144049_create_options_table',1);
/*!40000 ALTER TABLE `migrations` ENABLE KEYS */;
UNLOCK TABLES;

--
-- Table structure for table `options`
--

DROP TABLE IF EXISTS `options`;
/*!40101 SET @saved_cs_client     = @@character_set_client */;
/*!50503 SET character_set_client = utf8mb4 */;
CREATE TABLE `options` (
  `id` bigint unsigned NOT NULL AUTO_INCREMENT,
  `total_gameweek` int NOT NULL DEFAULT '38',
  `current_gameweek` int DEFAULT NULL,
  `win_lose_draw_pts` varchar(255) COLLATE utf8mb4_unicode_ci NOT NULL DEFAULT '3',
  `goal_difference_pts` varchar(255) COLLATE utf8mb4_unicode_ci NOT NULL DEFAULT '1',
  `home_goals_pts` varchar(255) COLLATE utf8mb4_unicode_ci NOT NULL DEFAULT '1',
  `away_goals_pts` varchar(255) COLLATE utf8mb4_unicode_ci NOT NULL DEFAULT '1',
  `underdog_bonus_pts` varchar(255) COLLATE utf8mb4_unicode_ci NOT NULL DEFAULT '2',
  `twox_booster_pts` varchar(255) COLLATE utf8mb4_unicode_ci NOT NULL DEFAULT '2',
  `created_at` timestamp NULL DEFAULT NULL,
  `updated_at` timestamp NULL DEFAULT NULL,
  PRIMARY KEY (`id`)
) ENGINE=InnoDB AUTO_INCREMENT=2 DEFAULT CHARSET=utf8mb4 COLLATE=utf8mb4_unicode_ci;
/*!40101 SET character_set_client = @saved_cs_client */;

--
-- Dumping data for table `options`
--

LOCK TABLES `options` WRITE;
/*!40000 ALTER TABLE `options` DISABLE KEYS */;
INSERT INTO `options` VALUES (1,38,3,'3','1','1','1','2','2','2022-08-07 22:42:39','2022-08-18 23:55:01');
/*!40000 ALTER TABLE `options` ENABLE KEYS */;
UNLOCK TABLES;

--
-- Table structure for table `password_resets`
--

DROP TABLE IF EXISTS `password_resets`;
/*!40101 SET @saved_cs_client     = @@character_set_client */;
/*!50503 SET character_set_client = utf8mb4 */;
CREATE TABLE `password_resets` (
  `email` varchar(255) COLLATE utf8mb4_unicode_ci NOT NULL,
  `token` varchar(255) COLLATE utf8mb4_unicode_ci NOT NULL,
  `created_at` timestamp NULL DEFAULT NULL,
  KEY `password_resets_email_index` (`email`)
) ENGINE=InnoDB DEFAULT CHARSET=utf8mb4 COLLATE=utf8mb4_unicode_ci;
/*!40101 SET character_set_client = @saved_cs_client */;

--
-- Dumping data for table `password_resets`
--

LOCK TABLES `password_resets` WRITE;
/*!40000 ALTER TABLE `password_resets` DISABLE KEYS */;
/*!40000 ALTER TABLE `password_resets` ENABLE KEYS */;
UNLOCK TABLES;

--
-- Table structure for table `personal_access_tokens`
--

DROP TABLE IF EXISTS `personal_access_tokens`;
/*!40101 SET @saved_cs_client     = @@character_set_client */;
/*!50503 SET character_set_client = utf8mb4 */;
CREATE TABLE `personal_access_tokens` (
  `id` bigint unsigned NOT NULL AUTO_INCREMENT,
  `tokenable_type` varchar(255) COLLATE utf8mb4_unicode_ci NOT NULL,
  `tokenable_id` bigint unsigned NOT NULL,
  `name` varchar(255) COLLATE utf8mb4_unicode_ci NOT NULL,
  `token` varchar(64) COLLATE utf8mb4_unicode_ci NOT NULL,
  `abilities` text COLLATE utf8mb4_unicode_ci,
  `last_used_at` timestamp NULL DEFAULT NULL,
  `created_at` timestamp NULL DEFAULT NULL,
  `updated_at` timestamp NULL DEFAULT NULL,
  PRIMARY KEY (`id`),
  UNIQUE KEY `personal_access_tokens_token_unique` (`token`),
  KEY `personal_access_tokens_tokenable_type_tokenable_id_index` (`tokenable_type`,`tokenable_id`)
) ENGINE=InnoDB DEFAULT CHARSET=utf8mb4 COLLATE=utf8mb4_unicode_ci;
/*!40101 SET character_set_client = @saved_cs_client */;

--
-- Dumping data for table `personal_access_tokens`
--

LOCK TABLES `personal_access_tokens` WRITE;
/*!40000 ALTER TABLE `personal_access_tokens` DISABLE KEYS */;
/*!40000 ALTER TABLE `personal_access_tokens` ENABLE KEYS */;
UNLOCK TABLES;

--
-- Table structure for table `predictions`
--

DROP TABLE IF EXISTS `predictions`;
/*!40101 SET @saved_cs_client     = @@character_set_client */;
/*!50503 SET character_set_client = utf8mb4 */;
CREATE TABLE `predictions` (
  `id` bigint unsigned NOT NULL AUTO_INCREMENT,
  `user_id` bigint unsigned NOT NULL,
  `fixture_id` varchar(255) COLLATE utf8mb4_unicode_ci NOT NULL,
  `fixture_event` varchar(255) COLLATE utf8mb4_unicode_ci NOT NULL,
  `team_h_goal` json NOT NULL,
  `team_a_goal` json NOT NULL,
  `twox_booster` tinyint(1) NOT NULL DEFAULT '0',
  `created_at` timestamp NULL DEFAULT NULL,
  `updated_at` timestamp NULL DEFAULT NULL,
  PRIMARY KEY (`id`)
) ENGINE=InnoDB AUTO_INCREMENT=242 DEFAULT CHARSET=utf8mb4 COLLATE=utf8mb4_unicode_ci;
/*!40101 SET character_set_client = @saved_cs_client */;

--
-- Dumping data for table `predictions`
--

LOCK TABLES `predictions` WRITE;
/*!40000 ALTER TABLE `predictions` DISABLE KEYS */;
INSERT INTO `predictions` VALUES (1,1,'12','2','{\"text\": 2, \"value\": 2, \"visibility\": true}','{\"text\": 3, \"value\": 3, \"visibility\": true}',0,'2022-08-08 13:36:41','2022-08-08 13:36:41'),(2,1,'11','2','{\"text\": 4, \"value\": 4, \"visibility\": true}','{\"text\": 2, \"value\": 2, \"visibility\": true}',0,'2022-08-08 15:54:05','2022-08-16 00:17:57'),(3,1,'14','2','{\"text\": 2, \"value\": 2, \"visibility\": true}','{\"text\": 1, \"value\": 1, \"visibility\": true}',1,'2022-08-08 16:10:13','2022-08-08 16:10:13'),(4,2,'12','2','{\"text\": 0, \"value\": 0, \"visibility\": true}','{\"text\": 2, \"value\": 2, \"visibility\": true}',0,'2022-08-08 22:58:26','2022-08-08 22:58:26'),(5,2,'11','2','{\"text\": 3, \"value\": 3, \"visibility\": true}','{\"text\": 1, \"value\": 1, \"visibility\": true}',0,'2022-08-08 22:58:37','2022-08-13 19:04:14'),(6,2,'14','2','{\"text\": 0, \"value\": 0, \"visibility\": true}','{\"text\": 1, \"value\": 1, \"visibility\": true}',0,'2022-08-08 22:58:48','2022-08-08 22:58:48'),(7,2,'17','2','{\"text\": 3, \"value\": 3, \"visibility\": true}','{\"text\": 0, \"value\": 0, \"visibility\": true}',0,'2022-08-08 22:59:00','2022-08-08 22:59:00'),(8,2,'19','2','{\"text\": 2, \"value\": 2, \"visibility\": true}','{\"text\": 2, \"value\": 2, \"visibility\": true}',0,'2022-08-08 22:59:32','2022-08-13 19:05:25'),(9,2,'20','2','{\"text\": 1, \"value\": 1, \"visibility\": true}','{\"text\": 2, \"value\": 2, \"visibility\": true}',0,'2022-08-08 22:59:42','2022-08-11 17:15:29'),(10,2,'13','2','{\"text\": 1, \"value\": 1, \"visibility\": true}','{\"text\": 2, \"value\": 2, \"visibility\": true}',0,'2022-08-08 22:59:56','2022-08-13 19:05:15'),(11,2,'18','2','{\"text\": 0, \"value\": 0, \"visibility\": true}','{\"text\": 2, \"value\": 2, \"visibility\": true}',0,'2022-08-08 23:00:10','2022-08-13 19:05:06'),(12,2,'15','2','{\"text\": 1, \"value\": 1, \"visibility\": true}','{\"text\": 1, \"value\": 1, \"visibility\": true}',0,'2022-08-08 23:00:33','2022-08-13 19:04:50'),(13,2,'16','2','{\"text\": 3, \"value\": 3, \"visibility\": true}','{\"text\": 1, \"value\": 1, \"visibility\": true}',1,'2022-08-08 23:00:55','2022-08-13 19:04:41'),(14,3,'12','2','{\"text\": 2, \"value\": 2, \"visibility\": true}','{\"text\": 2, \"value\": 2, \"visibility\": true}',0,'2022-08-11 23:21:45','2022-08-11 23:21:51'),(15,3,'11','2','{\"text\": 2, \"value\": 2, \"visibility\": true}','{\"text\": 1, \"value\": 1, \"visibility\": true}',0,'2022-08-11 23:22:04','2022-08-11 23:22:04'),(16,3,'13','2','{\"text\": 1, \"value\": 1, \"visibility\": true}','{\"text\": 2, \"value\": 2, \"visibility\": true}',0,'2022-08-12 10:34:26','2022-08-12 10:34:26'),(17,1,'29','3','{\"text\": 2, \"value\": 2, \"visibility\": false}','{\"text\": 10, \"value\": 10, \"visibility\": true}',0,'2022-08-17 01:05:39','2022-08-17 01:05:39'),(18,2,'29','3','{\"text\": 3, \"value\": 3, \"visibility\": true}','{\"text\": 0, \"value\": 0, \"visibility\": true}',0,'2022-08-17 22:31:07','2022-08-19 07:30:37'),(19,2,'22','3','{\"text\": 1, \"value\": 1, \"visibility\": true}','{\"text\": 1, \"value\": 1, \"visibility\": true}',0,'2022-08-17 22:31:16','2022-08-17 22:31:16'),(20,2,'23','3','{\"text\": 1, \"value\": 1, \"visibility\": true}','{\"text\": 2, \"value\": 2, \"visibility\": true}',0,'2022-08-17 22:31:25','2022-08-17 22:31:25'),(21,8,'29','3','{\"text\": 3, \"value\": 3, \"visibility\": true}','{\"text\": 1, \"value\": 1, \"visibility\": true}',0,'2022-08-19 09:18:59','2022-08-19 09:18:59'),(22,8,'22','3','{\"text\": 2, \"value\": 2, \"visibility\": true}','{\"text\": 0, \"value\": 0, \"visibility\": true}',0,'2022-08-19 09:20:35','2022-08-19 09:20:35'),(23,8,'23','3','{\"text\": 1, \"value\": 1, \"visibility\": true}','{\"text\": 0, \"value\": 0, \"visibility\": true}',0,'2022-08-19 09:20:55','2022-08-19 09:20:55'),(24,8,'24','3','{\"text\": 1, \"value\": 1, \"visibility\": true}','{\"text\": 2, \"value\": 2, \"visibility\": true}',0,'2022-08-19 09:21:29','2022-08-19 09:21:29'),(25,8,'26','3','{\"text\": 3, \"value\": 3, \"visibility\": true}','{\"text\": 2, \"value\": 2, \"visibility\": true}',0,'2022-08-19 09:22:24','2022-08-19 09:22:24'),(26,8,'21','3','{\"text\": 0, \"value\": 0, \"visibility\": true}','{\"text\": 2, \"value\": 2, \"visibility\": true}',0,'2022-08-19 09:22:41','2022-08-19 09:22:41'),(27,8,'25','3','{\"text\": 0, \"value\": 0, \"visibility\": true}','{\"text\": 1, \"value\": 1, \"visibility\": true}',0,'2022-08-19 09:22:56','2022-08-19 09:22:56'),(28,8,'30','3','{\"text\": 1, \"value\": 1, \"visibility\": true}','{\"text\": 1, \"value\": 1, \"visibility\": true}',0,'2022-08-19 09:23:14','2022-08-19 09:28:33'),(29,8,'28','3','{\"text\": 0, \"value\": 0, \"visibility\": true}','{\"text\": 2, \"value\": 2, \"visibility\": true}',1,'2022-08-19 09:23:45','2022-08-19 09:28:51'),(30,8,'27','3','{\"text\": 0, \"value\": 0, \"visibility\": true}','{\"text\": 3, \"value\": 3, \"visibility\": true}',0,'2022-08-19 09:25:11','2022-08-19 09:25:11'),(31,9,'29','3','{\"text\": 2, \"value\": 2, \"visibility\": true}','{\"text\": 0, \"value\": 0, \"visibility\": true}',0,'2022-08-19 09:40:35','2022-08-19 09:40:35'),(32,9,'22','3','{\"text\": 2, \"value\": 2, \"visibility\": true}','{\"text\": 1, \"value\": 1, \"visibility\": true}',0,'2022-08-19 09:42:21','2022-08-19 09:42:21'),(33,9,'23','3','{\"text\": 1, \"value\": 1, \"visibility\": true}','{\"text\": 0, \"value\": 0, \"visibility\": true}',0,'2022-08-19 09:42:54','2022-08-19 09:42:54'),(34,9,'24','3','{\"text\": 0, \"value\": 0, \"visibility\": true}','{\"text\": 1, \"value\": 1, \"visibility\": true}',0,'2022-08-19 09:43:42','2022-08-19 09:43:42'),(35,9,'26','3','{\"text\": 3, \"value\": 3, \"visibility\": true}','{\"text\": 1, \"value\": 1, \"visibility\": true}',0,'2022-08-19 09:44:40','2022-08-19 09:44:40'),(36,9,'21','3','{\"text\": 1, \"value\": 1, \"visibility\": true}','{\"text\": 3, \"value\": 3, \"visibility\": true}',0,'2022-08-19 09:45:10','2022-08-19 09:45:10'),(37,9,'25','3','{\"text\": 0, \"value\": 0, \"visibility\": true}','{\"text\": 2, \"value\": 2, \"visibility\": true}',1,'2022-08-19 09:45:30','2022-08-19 09:49:07'),(38,9,'30','3','{\"text\": 1, \"value\": 1, \"visibility\": true}','{\"text\": 0, \"value\": 0, \"visibility\": true}',0,'2022-08-19 09:46:53','2022-08-19 09:46:53'),(39,9,'28','3','{\"text\": 0, \"value\": 0, \"visibility\": true}','{\"text\": 3, \"value\": 3, \"visibility\": true}',0,'2022-08-19 09:47:12','2022-08-19 09:47:12'),(40,9,'27','3','{\"text\": 1, \"value\": 1, \"visibility\": true}','{\"text\": 4, \"value\": 4, \"visibility\": true}',0,'2022-08-19 09:48:18','2022-08-19 09:48:18'),(41,2,'24','3','{\"text\": 0, \"value\": 0, \"visibility\": true}','{\"text\": 3, \"value\": 3, \"visibility\": true}',0,'2022-08-19 10:16:45','2022-08-19 10:16:45'),(42,2,'26','3','{\"text\": 3, \"value\": 3, \"visibility\": true}','{\"text\": 2, \"value\": 2, \"visibility\": true}',0,'2022-08-19 10:16:56','2022-08-19 10:16:56'),(43,2,'21','3','{\"text\": 1, \"value\": 1, \"visibility\": true}','{\"text\": 3, \"value\": 3, \"visibility\": true}',1,'2022-08-19 10:17:09','2022-08-19 15:43:31'),(44,2,'25','3','{\"text\": 0, \"value\": 0, \"visibility\": true}','{\"text\": 2, \"value\": 2, \"visibility\": true}',0,'2022-08-19 10:17:22','2022-08-19 10:17:22'),(45,2,'30','3','{\"text\": 2, \"value\": 2, \"visibility\": true}','{\"text\": 1, \"value\": 1, \"visibility\": true}',0,'2022-08-19 10:17:33','2022-08-19 10:17:33'),(46,2,'28','3','{\"text\": 0, \"value\": 0, \"visibility\": true}','{\"text\": 2, \"value\": 2, \"visibility\": true}',0,'2022-08-19 10:17:45','2022-08-19 10:17:45'),(47,2,'27','3','{\"text\": 2, \"value\": 2, \"visibility\": true}','{\"text\": 1, \"value\": 1, \"visibility\": true}',0,'2022-08-19 10:17:56','2022-08-19 10:17:56'),(48,10,'29','3','{\"text\": 3, \"value\": 3, \"visibility\": true}','{\"text\": 0, \"value\": 0, \"visibility\": true}',0,'2022-08-19 10:19:43','2022-08-19 10:19:43'),(49,10,'22','3','{\"text\": 2, \"value\": 2, \"visibility\": true}','{\"text\": 1, \"value\": 1, \"visibility\": true}',0,'2022-08-19 10:19:55','2022-08-19 10:19:55'),(50,10,'23','3','{\"text\": 2, \"value\": 2, \"visibility\": true}','{\"text\": 0, \"value\": 0, \"visibility\": true}',0,'2022-08-19 10:20:07','2022-08-19 10:20:07'),(51,10,'21','3','{\"text\": 1, \"value\": 1, \"visibility\": true}','{\"text\": 3, \"value\": 3, \"visibility\": true}',0,'2022-08-19 10:20:35','2022-08-19 10:20:35'),(52,10,'26','3','{\"text\": 2, \"value\": 2, \"visibility\": true}','{\"text\": 1, \"value\": 1, \"visibility\": true}',0,'2022-08-19 10:20:49','2022-08-19 10:20:49'),(53,10,'24','3','{\"text\": 2, \"value\": 2, \"visibility\": true}','{\"text\": 2, \"value\": 2, \"visibility\": true}',0,'2022-08-19 10:21:02','2022-08-19 10:21:02'),(54,10,'25','3','{\"text\": 0, \"value\": 0, \"visibility\": true}','{\"text\": 2, \"value\": 2, \"visibility\": true}',0,'2022-08-19 10:21:20','2022-08-19 10:21:20'),(55,10,'30','3','{\"text\": 1, \"value\": 1, \"visibility\": true}','{\"text\": 0, \"value\": 0, \"visibility\": true}',0,'2022-08-19 10:21:36','2022-08-19 10:21:36'),(56,10,'28','3','{\"text\": 0, \"value\": 0, \"visibility\": true}','{\"text\": 3, \"value\": 3, \"visibility\": true}',1,'2022-08-19 10:21:53','2022-08-19 10:21:53'),(57,10,'27','3','{\"text\": 1, \"value\": 1, \"visibility\": true}','{\"text\": 3, \"value\": 3, \"visibility\": true}',0,'2022-08-19 10:22:09','2022-08-19 10:22:09'),(58,11,'27','3','{\"text\": 1, \"value\": 1, \"visibility\": true}','{\"text\": 3, \"value\": 3, \"visibility\": true}',0,'2022-08-19 11:10:27','2022-08-22 12:24:19'),(59,11,'28','3','{\"text\": 0, \"value\": 0, \"visibility\": true}','{\"text\": 2, \"value\": 2, \"visibility\": true}',0,'2022-08-19 11:10:58','2022-08-20 08:45:21'),(60,11,'30','3','{\"text\": 2, \"value\": 2, \"visibility\": true}','{\"text\": 2, \"value\": 2, \"visibility\": true}',0,'2022-08-19 11:11:42','2022-08-19 11:11:42'),(61,11,'25','3','{\"text\": 1, \"value\": 1, \"visibility\": true}','{\"text\": 3, \"value\": 3, \"visibility\": true}',0,'2022-08-19 11:12:07','2022-08-19 11:12:07'),(62,11,'24','3','{\"text\": 2, \"value\": 2, \"visibility\": true}','{\"text\": 1, \"value\": 1, \"visibility\": true}',0,'2022-08-19 11:12:39','2022-08-19 11:12:39'),(63,11,'21','3','{\"text\": 0, \"value\": 0, \"visibility\": true}','{\"text\": 2, \"value\": 2, \"visibility\": true}',0,'2022-08-19 11:13:05','2022-08-19 11:13:05'),(64,11,'26','3','{\"text\": 1, \"value\": 1, \"visibility\": true}','{\"text\": 1, \"value\": 1, \"visibility\": true}',0,'2022-08-19 11:13:43','2022-08-19 11:13:43'),(65,11,'23','3','{\"text\": 0, \"value\": 0, \"visibility\": true}','{\"text\": 0, \"value\": 0, \"visibility\": true}',0,'2022-08-19 11:13:55','2022-08-19 11:13:55'),(66,11,'22','3','{\"text\": 2, \"value\": 2, \"visibility\": true}','{\"text\": 1, \"value\": 1, \"visibility\": true}',0,'2022-08-19 11:14:07','2022-08-19 11:14:07'),(67,11,'29','3','{\"text\": 3, \"value\": 3, \"visibility\": true}','{\"text\": 0, \"value\": 0, \"visibility\": true}',1,'2022-08-19 11:14:44','2022-08-20 08:45:36'),(68,12,'29','3','{\"text\": 2, \"value\": 2, \"visibility\": true}','{\"text\": 0, \"value\": 0, \"visibility\": true}',0,'2022-08-19 11:33:06','2022-08-19 11:33:06'),(69,12,'22','3','{\"text\": 2, \"value\": 2, \"visibility\": true}','{\"text\": 2, \"value\": 2, \"visibility\": true}',0,'2022-08-19 11:33:23','2022-08-19 11:33:23'),(70,12,'23','3','{\"text\": 1, \"value\": 1, \"visibility\": true}','{\"text\": 0, \"value\": 0, \"visibility\": true}',0,'2022-08-19 11:33:37','2022-08-19 11:33:37'),(71,12,'24','3','{\"text\": 2, \"value\": 2, \"visibility\": true}','{\"text\": 1, \"value\": 1, \"visibility\": true}',0,'2022-08-19 11:33:51','2022-08-19 11:33:51'),(72,12,'26','3','{\"text\": 3, \"value\": 3, \"visibility\": true}','{\"text\": 1, \"value\": 1, \"visibility\": true}',0,'2022-08-19 11:34:04','2022-08-19 11:34:04'),(73,12,'21','3','{\"text\": 0, \"value\": 0, \"visibility\": true}','{\"text\": 3, \"value\": 3, \"visibility\": true}',0,'2022-08-19 11:34:20','2022-08-19 11:34:20'),(74,12,'25','3','{\"text\": 1, \"value\": 1, \"visibility\": true}','{\"text\": 2, \"value\": 2, \"visibility\": true}',0,'2022-08-19 11:34:36','2022-08-19 11:34:36'),(75,12,'30','3','{\"text\": 2, \"value\": 2, \"visibility\": true}','{\"text\": 1, \"value\": 1, \"visibility\": true}',0,'2022-08-19 11:34:57','2022-08-19 11:35:09'),(76,12,'28','3','{\"text\": 0, \"value\": 0, \"visibility\": true}','{\"text\": 3, \"value\": 3, \"visibility\": true}',0,'2022-08-19 11:35:35','2022-08-19 11:35:35'),(77,12,'27','3','{\"text\": 0, \"value\": 0, \"visibility\": true}','{\"text\": 3, \"value\": 3, \"visibility\": true}',1,'2022-08-19 11:35:51','2022-08-21 12:17:15'),(78,13,'29','3','{\"text\": 1, \"value\": 1, \"visibility\": true}','{\"text\": 1, \"value\": 1, \"visibility\": true}',0,'2022-08-19 11:38:00','2022-08-19 11:38:00'),(79,13,'22','3','{\"text\": 2, \"value\": 2, \"visibility\": true}','{\"text\": 2, \"value\": 2, \"visibility\": true}',0,'2022-08-19 11:38:18','2022-08-19 11:38:18'),(80,13,'23','3','{\"text\": 3, \"value\": 3, \"visibility\": true}','{\"text\": 1, \"value\": 1, \"visibility\": true}',0,'2022-08-19 11:38:33','2022-08-19 11:38:33'),(81,13,'24','3','{\"text\": 1, \"value\": 1, \"visibility\": true}','{\"text\": 3, \"value\": 3, \"visibility\": true}',0,'2022-08-19 11:38:48','2022-08-19 11:38:48'),(82,13,'26','3','{\"text\": 2, \"value\": 2, \"visibility\": true}','{\"text\": 1, \"value\": 1, \"visibility\": true}',0,'2022-08-19 11:39:00','2022-08-19 11:39:00'),(83,13,'21','3','{\"text\": 0, \"value\": 0, \"visibility\": true}','{\"text\": 3, \"value\": 3, \"visibility\": true}',0,'2022-08-19 11:39:12','2022-08-19 11:39:12'),(84,13,'25','3','{\"text\": 1, \"value\": 1, \"visibility\": true}','{\"text\": 3, \"value\": 3, \"visibility\": true}',0,'2022-08-19 11:39:24','2022-08-19 11:39:24'),(85,13,'30','3','{\"text\": 2, \"value\": 2, \"visibility\": true}','{\"text\": 2, \"value\": 2, \"visibility\": true}',0,'2022-08-19 11:39:42','2022-08-19 11:39:42'),(86,13,'28','3','{\"text\": 0, \"value\": 0, \"visibility\": true}','{\"text\": 2, \"value\": 2, \"visibility\": true}',0,'2022-08-19 11:40:01','2022-08-19 11:40:01'),(87,13,'27','3','{\"text\": 1, \"value\": 1, \"visibility\": true}','{\"text\": 3, \"value\": 3, \"visibility\": true}',1,'2022-08-19 11:40:23','2022-08-22 07:58:36'),(88,14,'29','3','{\"text\": 2, \"value\": 2, \"visibility\": true}','{\"text\": 0, \"value\": 0, \"visibility\": true}',0,'2022-08-19 11:45:50','2022-08-19 11:45:50'),(89,14,'22','3','{\"text\": 1, \"value\": 1, \"visibility\": true}','{\"text\": 1, \"value\": 1, \"visibility\": true}',0,'2022-08-19 11:45:59','2022-08-19 11:45:59'),(90,14,'23','3','{\"text\": 2, \"value\": 2, \"visibility\": true}','{\"text\": 1, \"value\": 1, \"visibility\": true}',0,'2022-08-19 11:46:13','2022-08-19 11:46:13'),(91,14,'24','3','{\"text\": 1, \"value\": 1, \"visibility\": true}','{\"text\": 1, \"value\": 1, \"visibility\": true}',0,'2022-08-19 11:46:22','2022-08-19 11:46:22'),(92,14,'26','3','{\"text\": 3, \"value\": 3, \"visibility\": true}','{\"text\": 1, \"value\": 1, \"visibility\": true}',0,'2022-08-19 11:46:32','2022-08-19 11:46:32'),(93,14,'21','3','{\"text\": 0, \"value\": 0, \"visibility\": true}','{\"text\": 2, \"value\": 2, \"visibility\": true}',0,'2022-08-19 11:46:46','2022-08-19 11:46:46'),(94,14,'25','3','{\"text\": 1, \"value\": 1, \"visibility\": true}','{\"text\": 3, \"value\": 3, \"visibility\": true}',0,'2022-08-19 11:46:58','2022-08-19 11:46:58'),(95,14,'30','3','{\"text\": 2, \"value\": 2, \"visibility\": true}','{\"text\": 2, \"value\": 2, \"visibility\": true}',0,'2022-08-19 11:47:13','2022-08-19 11:47:13'),(96,14,'28','3','{\"text\": 0, \"value\": 0, \"visibility\": true}','{\"text\": 3, \"value\": 3, \"visibility\": true}',0,'2022-08-19 11:47:27','2022-08-19 11:47:27'),(97,14,'27','3','{\"text\": 2, \"value\": 2, \"visibility\": true}','{\"text\": 2, \"value\": 2, \"visibility\": true}',0,'2022-08-19 11:47:39','2022-08-19 11:47:47'),(98,15,'29','3','{\"text\": 4, \"value\": 4, \"visibility\": true}','{\"text\": 1, \"value\": 1, \"visibility\": true}',0,'2022-08-19 13:12:23','2022-08-19 13:12:23'),(99,15,'22','3','{\"text\": 1, \"value\": 1, \"visibility\": true}','{\"text\": 2, \"value\": 2, \"visibility\": true}',0,'2022-08-19 13:12:44','2022-08-19 13:12:44'),(100,15,'23','3','{\"text\": 2, \"value\": 2, \"visibility\": true}','{\"text\": 1, \"value\": 1, \"visibility\": true}',0,'2022-08-19 13:13:04','2022-08-19 13:13:04'),(101,15,'24','3','{\"text\": 1, \"value\": 1, \"visibility\": true}','{\"text\": 3, \"value\": 3, \"visibility\": true}',0,'2022-08-19 13:13:22','2022-08-19 13:13:22'),(102,15,'26','3','{\"text\": 2, \"value\": 2, \"visibility\": true}','{\"text\": 2, \"value\": 2, \"visibility\": true}',0,'2022-08-19 13:13:43','2022-08-19 13:13:43'),(103,15,'21','3','{\"text\": 0, \"value\": 0, \"visibility\": true}','{\"text\": 3, \"value\": 3, \"visibility\": true}',0,'2022-08-19 13:13:52','2022-08-19 13:13:52'),(104,15,'25','3','{\"text\": 1, \"value\": 1, \"visibility\": true}','{\"text\": 5, \"value\": 5, \"visibility\": true}',0,'2022-08-19 13:14:10','2022-08-19 13:14:10'),(105,15,'30','3','{\"text\": 3, \"value\": 3, \"visibility\": true}','{\"text\": 2, \"value\": 2, \"visibility\": true}',0,'2022-08-19 13:14:31','2022-08-19 13:14:31'),(106,15,'27','3','{\"text\": 2, \"value\": 2, \"visibility\": true}','{\"text\": 5, \"value\": 5, \"visibility\": true}',0,'2022-08-19 13:14:48','2022-08-19 13:14:48'),(107,15,'28','3','{\"text\": 0, \"value\": 0, \"visibility\": true}','{\"text\": 4, \"value\": 4, \"visibility\": true}',1,'2022-08-19 13:15:03','2022-08-19 13:15:21'),(108,16,'29','3','{\"text\": 3, \"value\": 3, \"visibility\": true}','{\"text\": 0, \"value\": 0, \"visibility\": true}',0,'2022-08-19 14:35:30','2022-08-19 14:35:30'),(109,16,'22','3','{\"text\": 2, \"value\": 2, \"visibility\": true}','{\"text\": 1, \"value\": 1, \"visibility\": true}',0,'2022-08-19 14:35:53','2022-08-19 14:35:53'),(110,16,'23','3','{\"text\": 2, \"value\": 2, \"visibility\": true}','{\"text\": 1, \"value\": 1, \"visibility\": true}',0,'2022-08-19 14:36:13','2022-08-19 14:36:13'),(111,16,'24','3','{\"text\": 2, \"value\": 2, \"visibility\": true}','{\"text\": 2, \"value\": 2, \"visibility\": true}',0,'2022-08-19 14:36:37','2022-08-19 14:36:37'),(112,16,'26','3','{\"text\": 3, \"value\": 3, \"visibility\": true}','{\"text\": 2, \"value\": 2, \"visibility\": true}',0,'2022-08-19 14:37:07','2022-08-19 14:37:07'),(113,16,'21','3','{\"text\": 1, \"value\": 1, \"visibility\": true}','{\"text\": 2, \"value\": 2, \"visibility\": true}',0,'2022-08-19 14:37:25','2022-08-19 14:37:25'),(114,16,'25','3','{\"text\": 0, \"value\": 0, \"visibility\": true}','{\"text\": 3, \"value\": 3, \"visibility\": true}',1,'2022-08-19 14:37:43','2022-08-19 14:55:52'),(115,17,'29','3','{\"text\": 2, \"value\": 2, \"visibility\": true}','{\"text\": 0, \"value\": 0, \"visibility\": true}',0,'2022-08-19 14:37:49','2022-08-19 14:37:49'),(116,17,'22','3','{\"text\": 1, \"value\": 1, \"visibility\": true}','{\"text\": 1, \"value\": 1, \"visibility\": true}',0,'2022-08-19 14:37:59','2022-08-19 14:37:59'),(117,17,'23','3','{\"text\": 1, \"value\": 1, \"visibility\": true}','{\"text\": 0, \"value\": 0, \"visibility\": true}',0,'2022-08-19 14:38:11','2022-08-19 14:38:11'),(118,17,'24','3','{\"text\": 0, \"value\": 0, \"visibility\": true}','{\"text\": 2, \"value\": 2, \"visibility\": true}',0,'2022-08-19 14:38:22','2022-08-19 14:38:22'),(119,16,'30','3','{\"text\": 0, \"value\": 0, \"visibility\": true}','{\"text\": 2, \"value\": 2, \"visibility\": true}',0,'2022-08-19 14:38:24','2022-08-19 14:38:24'),(120,17,'26','3','{\"text\": 2, \"value\": 2, \"visibility\": true}','{\"text\": 0, \"value\": 0, \"visibility\": true}',0,'2022-08-19 14:38:29','2022-08-19 14:38:29'),(121,17,'21','3','{\"text\": 0, \"value\": 0, \"visibility\": true}','{\"text\": 3, \"value\": 3, \"visibility\": true}',0,'2022-08-19 14:38:39','2022-08-19 14:38:39'),(122,16,'28','3','{\"text\": 0, \"value\": 0, \"visibility\": true}','{\"text\": 4, \"value\": 4, \"visibility\": true}',0,'2022-08-19 14:38:42','2022-08-19 14:38:42'),(123,17,'25','3','{\"text\": 1, \"value\": 1, \"visibility\": true}','{\"text\": 2, \"value\": 2, \"visibility\": true}',0,'2022-08-19 14:38:52','2022-08-19 14:38:52'),(124,17,'30','3','{\"text\": 1, \"value\": 1, \"visibility\": true}','{\"text\": 1, \"value\": 1, \"visibility\": true}',0,'2022-08-19 14:39:02','2022-08-19 14:39:02'),(125,16,'27','3','{\"text\": 0, \"value\": 0, \"visibility\": true}','{\"text\": 3, \"value\": 3, \"visibility\": true}',0,'2022-08-19 14:39:02','2022-08-19 14:39:02'),(126,17,'28','3','{\"text\": 0, \"value\": 0, \"visibility\": true}','{\"text\": 4, \"value\": 4, \"visibility\": true}',0,'2022-08-19 14:39:16','2022-08-19 14:39:16'),(127,17,'27','3','{\"text\": 2, \"value\": 2, \"visibility\": true}','{\"text\": 2, \"value\": 2, \"visibility\": true}',0,'2022-08-19 14:39:27','2022-08-19 14:39:27'),(128,20,'29','3','{\"text\": 3, \"value\": 3, \"visibility\": true}','{\"text\": 1, \"value\": 1, \"visibility\": true}',0,'2022-08-19 16:10:07','2022-08-19 16:10:07'),(129,20,'22','3','{\"text\": 2, \"value\": 2, \"visibility\": true}','{\"text\": 1, \"value\": 1, \"visibility\": true}',0,'2022-08-19 16:10:25','2022-08-19 16:10:25'),(130,20,'23','3','{\"text\": 1, \"value\": 1, \"visibility\": true}','{\"text\": 1, \"value\": 1, \"visibility\": true}',0,'2022-08-19 16:10:40','2022-08-19 16:10:40'),(131,20,'24','3','{\"text\": 1, \"value\": 1, \"visibility\": true}','{\"text\": 2, \"value\": 2, \"visibility\": true}',0,'2022-08-19 16:10:51','2022-08-19 16:10:51'),(132,20,'26','3','{\"text\": 2, \"value\": 2, \"visibility\": true}','{\"text\": 1, \"value\": 1, \"visibility\": true}',0,'2022-08-19 16:11:18','2022-08-19 16:11:39'),(133,20,'21','3','{\"text\": 0, \"value\": 0, \"visibility\": true}','{\"text\": 3, \"value\": 3, \"visibility\": true}',1,'2022-08-19 16:11:55','2022-08-19 16:11:55'),(134,20,'25','3','{\"text\": 0, \"value\": 0, \"visibility\": true}','{\"text\": 2, \"value\": 2, \"visibility\": true}',0,'2022-08-19 16:13:29','2022-08-19 16:13:29'),(135,20,'30','3','{\"text\": 1, \"value\": 1, \"visibility\": true}','{\"text\": 1, \"value\": 1, \"visibility\": true}',0,'2022-08-19 16:13:54','2022-08-19 16:13:54'),(136,20,'28','3','{\"text\": 0, \"value\": 0, \"visibility\": true}','{\"text\": 3, \"value\": 3, \"visibility\": true}',0,'2022-08-19 16:14:13','2022-08-19 16:14:13'),(137,20,'27','3','{\"text\": 1, \"value\": 1, \"visibility\": true}','{\"text\": 4, \"value\": 4, \"visibility\": true}',0,'2022-08-19 16:14:48','2022-08-19 16:14:48'),(138,21,'29','3','{\"text\": 2, \"value\": 2, \"visibility\": true}','{\"text\": 0, \"value\": 0, \"visibility\": true}',1,'2022-08-19 16:46:21','2022-08-19 16:46:21'),(139,21,'22','3','{\"text\": 1, \"value\": 1, \"visibility\": true}','{\"text\": 1, \"value\": 1, \"visibility\": true}',0,'2022-08-19 16:46:40','2022-08-19 16:46:40'),(140,21,'23','3','{\"text\": 1, \"value\": 1, \"visibility\": true}','{\"text\": 2, \"value\": 2, \"visibility\": true}',0,'2022-08-19 16:46:55','2022-08-19 16:46:55'),(141,21,'24','3','{\"text\": 1, \"value\": 1, \"visibility\": true}','{\"text\": 2, \"value\": 2, \"visibility\": true}',0,'2022-08-19 16:47:10','2022-08-19 16:47:10'),(142,21,'26','3','{\"text\": 1, \"value\": 1, \"visibility\": true}','{\"text\": 0, \"value\": 0, \"visibility\": true}',0,'2022-08-19 16:47:25','2022-08-19 16:47:25'),(143,21,'21','3','{\"text\": 0, \"value\": 0, \"visibility\": true}','{\"text\": 3, \"value\": 3, \"visibility\": true}',0,'2022-08-19 16:47:37','2022-08-19 16:47:37'),(144,21,'25','3','{\"text\": 0, \"value\": 0, \"visibility\": true}','{\"text\": 2, \"value\": 2, \"visibility\": true}',0,'2022-08-19 16:47:51','2022-08-19 16:47:51'),(145,21,'30','3','{\"text\": 0, \"value\": 0, \"visibility\": true}','{\"text\": 1, \"value\": 1, \"visibility\": true}',0,'2022-08-19 16:48:01','2022-08-19 16:48:01'),(146,21,'28','3','{\"text\": 0, \"value\": 0, \"visibility\": true}','{\"text\": 2, \"value\": 2, \"visibility\": true}',0,'2022-08-19 16:48:15','2022-08-19 16:48:15'),(147,21,'27','3','{\"text\": 0, \"value\": 0, \"visibility\": true}','{\"text\": 5, \"value\": 5, \"visibility\": true}',0,'2022-08-19 16:48:24','2022-08-19 16:48:24'),(148,22,'29','3','{\"text\": 2, \"value\": 2, \"visibility\": true}','{\"text\": 1, \"value\": 1, \"visibility\": true}',0,'2022-08-19 17:04:21','2022-08-19 17:04:32'),(149,22,'22','3','{\"text\": 2, \"value\": 2, \"visibility\": true}','{\"text\": 0, \"value\": 0, \"visibility\": true}',0,'2022-08-19 17:04:46','2022-08-19 17:04:46'),(150,22,'23','3','{\"text\": 1, \"value\": 1, \"visibility\": true}','{\"text\": 1, \"value\": 1, \"visibility\": true}',0,'2022-08-19 17:04:58','2022-08-19 17:04:58'),(151,22,'24','3','{\"text\": 2, \"value\": 2, \"visibility\": true}','{\"text\": 1, \"value\": 1, \"visibility\": true}',0,'2022-08-19 17:05:16','2022-08-19 17:05:16'),(152,22,'26','3','{\"text\": 3, \"value\": 3, \"visibility\": true}','{\"text\": 1, \"value\": 1, \"visibility\": true}',0,'2022-08-19 17:05:33','2022-08-19 17:05:33'),(153,22,'21','3','{\"text\": 0, \"value\": 0, \"visibility\": true}','{\"text\": 1, \"value\": 1, \"visibility\": true}',0,'2022-08-19 17:05:45','2022-08-19 17:05:45'),(154,22,'25','3','{\"text\": 1, \"value\": 1, \"visibility\": true}','{\"text\": 2, \"value\": 2, \"visibility\": true}',0,'2022-08-19 17:05:56','2022-08-19 17:05:56'),(155,22,'30','3','{\"text\": 3, \"value\": 3, \"visibility\": true}','{\"text\": 1, \"value\": 1, \"visibility\": true}',0,'2022-08-19 17:06:25','2022-08-19 17:06:25'),(156,22,'28','3','{\"text\": 0, \"value\": 0, \"visibility\": true}','{\"text\": 2, \"value\": 2, \"visibility\": true}',1,'2022-08-19 17:06:40','2022-08-19 17:07:16'),(157,22,'27','3','{\"text\": 0, \"value\": 0, \"visibility\": true}','{\"text\": 3, \"value\": 3, \"visibility\": true}',0,'2022-08-19 17:06:56','2022-08-19 17:06:56'),(158,23,'29','3','{\"text\": 2, \"value\": 2, \"visibility\": true}','{\"text\": 0, \"value\": 0, \"visibility\": true}',0,'2022-08-19 18:43:16','2022-08-19 18:43:16'),(159,23,'22','3','{\"text\": 0, \"value\": 0, \"visibility\": true}','{\"text\": 1, \"value\": 1, \"visibility\": true}',0,'2022-08-19 18:44:02','2022-08-19 18:44:02'),(160,23,'23','3','{\"text\": 0, \"value\": 0, \"visibility\": true}','{\"text\": 2, \"value\": 2, \"visibility\": true}',0,'2022-08-19 18:44:11','2022-08-19 18:44:11'),(161,23,'24','3','{\"text\": 2, \"value\": 2, \"visibility\": true}','{\"text\": 2, \"value\": 2, \"visibility\": true}',0,'2022-08-19 18:44:22','2022-08-19 18:44:22'),(162,23,'26','3','{\"text\": 3, \"value\": 3, \"visibility\": true}','{\"text\": 0, \"value\": 0, \"visibility\": true}',0,'2022-08-19 18:44:29','2022-08-19 18:44:29'),(163,23,'21','3','{\"text\": 0, \"value\": 0, \"visibility\": true}','{\"text\": 4, \"value\": 4, \"visibility\": true}',0,'2022-08-19 18:44:45','2022-08-19 18:44:45'),(164,23,'25','3','{\"text\": 0, \"value\": 0, \"visibility\": true}','{\"text\": 2, \"value\": 2, \"visibility\": true}',0,'2022-08-19 18:44:55','2022-08-19 18:44:55'),(165,23,'30','3','{\"text\": 0, \"value\": 0, \"visibility\": true}','{\"text\": 0, \"value\": 0, \"visibility\": true}',0,'2022-08-19 18:45:04','2022-08-19 18:45:04'),(166,23,'28','3','{\"text\": 0, \"value\": 0, \"visibility\": true}','{\"text\": 5, \"value\": 5, \"visibility\": true}',0,'2022-08-19 18:45:14','2022-08-19 18:45:14'),(167,23,'27','3','{\"text\": 0, \"value\": 0, \"visibility\": true}','{\"text\": 4, \"value\": 4, \"visibility\": true}',1,'2022-08-19 18:45:23','2022-08-19 18:45:23'),(168,24,'29','3','{\"text\": 3, \"value\": 3, \"visibility\": true}','{\"text\": 1, \"value\": 1, \"visibility\": true}',0,'2022-08-19 22:46:21','2022-08-19 22:46:21'),(169,24,'22','3','{\"text\": 2, \"value\": 2, \"visibility\": true}','{\"text\": 2, \"value\": 2, \"visibility\": true}',0,'2022-08-19 22:46:34','2022-08-19 22:46:34'),(170,24,'23','3','{\"text\": 1, \"value\": 1, \"visibility\": true}','{\"text\": 0, \"value\": 0, \"visibility\": true}',0,'2022-08-19 22:46:47','2022-08-19 22:46:47'),(171,24,'24','3','{\"text\": 1, \"value\": 1, \"visibility\": true}','{\"text\": 3, \"value\": 3, \"visibility\": true}',0,'2022-08-19 22:46:58','2022-08-19 22:46:58'),(172,24,'26','3','{\"text\": 2, \"value\": 2, \"visibility\": true}','{\"text\": 0, \"value\": 0, \"visibility\": true}',0,'2022-08-19 22:47:11','2022-08-19 22:47:11'),(173,24,'21','3','{\"text\": 0, \"value\": 0, \"visibility\": true}','{\"text\": 3, \"value\": 3, \"visibility\": true}',1,'2022-08-19 22:47:21','2022-08-19 22:48:51'),(174,24,'25','3','{\"text\": 1, \"value\": 1, \"visibility\": true}','{\"text\": 2, \"value\": 2, \"visibility\": true}',0,'2022-08-19 22:47:33','2022-08-19 22:47:33'),(175,24,'30','3','{\"text\": 2, \"value\": 2, \"visibility\": true}','{\"text\": 1, \"value\": 1, \"visibility\": true}',0,'2022-08-19 22:47:48','2022-08-19 22:47:48'),(176,24,'28','3','{\"text\": 0, \"value\": 0, \"visibility\": true}','{\"text\": 4, \"value\": 4, \"visibility\": true}',0,'2022-08-19 22:48:01','2022-08-19 22:48:01'),(177,24,'27','3','{\"text\": 2, \"value\": 2, \"visibility\": true}','{\"text\": 2, \"value\": 2, \"visibility\": true}',0,'2022-08-19 22:48:34','2022-08-19 22:48:34'),(178,25,'29','3','{\"text\": 1, \"value\": 1, \"visibility\": true}','{\"text\": 0, \"value\": 0, \"visibility\": true}',0,'2022-08-20 00:29:01','2022-08-20 00:29:01'),(179,25,'22','3','{\"text\": 0, \"value\": 0, \"visibility\": true}','{\"text\": 0, \"value\": 0, \"visibility\": true}',0,'2022-08-20 00:29:28','2022-08-20 00:29:28'),(180,25,'23','3','{\"text\": 2, \"value\": 2, \"visibility\": true}','{\"text\": 0, \"value\": 0, \"visibility\": true}',0,'2022-08-20 00:29:38','2022-08-20 00:29:38'),(181,25,'24','3','{\"text\": 1, \"value\": 1, \"visibility\": true}','{\"text\": 3, \"value\": 3, \"visibility\": true}',0,'2022-08-20 00:29:51','2022-08-20 00:29:51'),(182,25,'26','3','{\"text\": 3, \"value\": 3, \"visibility\": true}','{\"text\": 0, \"value\": 0, \"visibility\": true}',0,'2022-08-20 00:30:03','2022-08-20 00:30:03'),(183,25,'25','3','{\"text\": 0, \"value\": 0, \"visibility\": true}','{\"text\": 2, \"value\": 2, \"visibility\": true}',0,'2022-08-20 00:30:20','2022-08-20 00:30:20'),(184,25,'21','3','{\"text\": 1, \"value\": 1, \"visibility\": true}','{\"text\": 2, \"value\": 2, \"visibility\": true}',0,'2022-08-20 00:30:50','2022-08-20 00:30:50'),(185,25,'30','3','{\"text\": 1, \"value\": 1, \"visibility\": true}','{\"text\": 0, \"value\": 0, \"visibility\": true}',0,'2022-08-20 00:31:02','2022-08-20 00:31:02'),(186,25,'28','3','{\"text\": 0, \"value\": 0, \"visibility\": true}','{\"text\": 3, \"value\": 3, \"visibility\": true}',0,'2022-08-20 00:31:14','2022-08-20 00:31:14'),(187,25,'27','3','{\"text\": 1, \"value\": 1, \"visibility\": true}','{\"text\": 4, \"value\": 4, \"visibility\": true}',0,'2022-08-20 00:31:26','2022-08-20 00:31:26'),(188,26,'29','3','{\"text\": 1, \"value\": 1, \"visibility\": true}','{\"text\": 0, \"value\": 0, \"visibility\": true}',0,'2022-08-20 14:45:17','2022-08-20 14:45:17'),(189,26,'22','3','{\"text\": 0, \"value\": 0, \"visibility\": true}','{\"text\": 0, \"value\": 0, \"visibility\": true}',0,'2022-08-20 14:45:31','2022-08-20 14:45:31'),(190,26,'23','3','{\"text\": 1, \"value\": 1, \"visibility\": true}','{\"text\": 3, \"value\": 3, \"visibility\": true}',0,'2022-08-20 14:45:42','2022-08-20 14:45:42'),(191,26,'24','3','{\"text\": 1, \"value\": 1, \"visibility\": true}','{\"text\": 3, \"value\": 3, \"visibility\": true}',0,'2022-08-20 14:46:42','2022-08-20 14:46:42'),(192,26,'26','3','{\"text\": 2, \"value\": 2, \"visibility\": true}','{\"text\": 2, \"value\": 2, \"visibility\": true}',0,'2022-08-20 14:46:58','2022-08-20 14:46:58'),(193,26,'21','3','{\"text\": 0, \"value\": 0, \"visibility\": true}','{\"text\": 5, \"value\": 5, \"visibility\": true}',0,'2022-08-20 14:47:24','2022-08-20 14:47:24'),(194,26,'25','3','{\"text\": 0, \"value\": 0, \"visibility\": true}','{\"text\": 2, \"value\": 2, \"visibility\": true}',0,'2022-08-20 14:47:33','2022-08-20 14:47:33'),(195,26,'30','3','{\"text\": 1, \"value\": 1, \"visibility\": true}','{\"text\": 1, \"value\": 1, \"visibility\": true}',0,'2022-08-20 14:47:45','2022-08-20 14:47:45'),(196,26,'28','3','{\"text\": 0, \"value\": 0, \"visibility\": true}','{\"text\": 3, \"value\": 3, \"visibility\": true}',0,'2022-08-20 14:48:01','2022-08-20 14:48:01'),(197,26,'27','3','{\"text\": 3, \"value\": 3, \"visibility\": true}','{\"text\": 2, \"value\": 2, \"visibility\": true}',1,'2022-08-20 14:48:24','2022-08-20 14:48:32'),(198,19,'21','3','{\"text\": 1, \"value\": 1, \"visibility\": true}','{\"text\": 3, \"value\": 3, \"visibility\": true}',0,'2022-08-20 20:22:28','2022-08-20 20:22:28'),(199,19,'25','3','{\"text\": 2, \"value\": 2, \"visibility\": true}','{\"text\": 2, \"value\": 2, \"visibility\": true}',0,'2022-08-20 20:22:42','2022-08-20 20:22:42'),(200,19,'30','3','{\"text\": 1, \"value\": 1, \"visibility\": true}','{\"text\": 2, \"value\": 2, \"visibility\": true}',0,'2022-08-20 20:22:57','2022-08-20 20:22:57'),(201,19,'28','3','{\"text\": 0, \"value\": 0, \"visibility\": true}','{\"text\": 3, \"value\": 3, \"visibility\": true}',0,'2022-08-20 20:23:08','2022-08-20 20:23:08'),(202,19,'27','3','{\"text\": 1, \"value\": 1, \"visibility\": true}','{\"text\": 5, \"value\": 5, \"visibility\": true}',0,'2022-08-20 20:23:23','2022-08-20 20:23:23'),(203,27,'25','3','{\"text\": 0, \"value\": 0, \"visibility\": true}','{\"text\": 3, \"value\": 3, \"visibility\": true}',1,'2022-08-21 14:32:08','2022-08-21 14:32:08'),(204,27,'30','3','{\"text\": 1, \"value\": 1, \"visibility\": true}','{\"text\": 0, \"value\": 0, \"visibility\": true}',0,'2022-08-21 14:32:25','2022-08-21 14:32:25'),(205,27,'28','3','{\"text\": 1, \"value\": 1, \"visibility\": true}','{\"text\": 3, \"value\": 3, \"visibility\": true}',0,'2022-08-21 14:32:45','2022-08-21 14:32:45'),(206,27,'27','3','{\"text\": 1, \"value\": 1, \"visibility\": true}','{\"text\": 1, \"value\": 1, \"visibility\": true}',0,'2022-08-21 14:33:07','2022-08-21 14:33:07'),(207,28,'27','3','{\"text\": 0, \"value\": 0, \"visibility\": true}','{\"text\": 2, \"value\": 2, \"visibility\": true}',1,'2022-08-21 23:11:38','2022-08-21 23:11:38'),(208,17,'39','4','{\"text\": 0, \"value\": 0, \"visibility\": true}','{\"text\": 2, \"value\": 2, \"visibility\": true}',0,'2022-08-21 23:15:02','2022-08-21 23:15:02'),(209,17,'33','4','{\"text\": 1, \"value\": 1, \"visibility\": true}','{\"text\": 1, \"value\": 1, \"visibility\": true}',0,'2022-08-21 23:15:12','2022-08-21 23:15:12'),(210,17,'34','4','{\"text\": 2, \"value\": 2, \"visibility\": true}','{\"text\": 2, \"value\": 2, \"visibility\": true}',0,'2022-08-21 23:15:25','2022-08-21 23:15:25'),(211,17,'35','4','{\"text\": 1, \"value\": 1, \"visibility\": true}','{\"text\": 1, \"value\": 1, \"visibility\": true}',0,'2022-08-21 23:15:48','2022-08-21 23:15:48'),(212,17,'36','4','{\"text\": 3, \"value\": 3, \"visibility\": true}','{\"text\": 0, \"value\": 0, \"visibility\": true}',0,'2022-08-21 23:16:06','2022-08-21 23:16:06'),(213,17,'37','4','{\"text\": 3, \"value\": 3, \"visibility\": true}','{\"text\": 0, \"value\": 0, \"visibility\": true}',0,'2022-08-21 23:16:16','2022-08-21 23:16:16'),(214,17,'31','4','{\"text\": 2, \"value\": 2, \"visibility\": true}','{\"text\": 0, \"value\": 0, \"visibility\": true}',0,'2022-08-21 23:16:28','2022-08-21 23:16:28'),(215,29,'27','3','{\"text\": 1, \"value\": 1, \"visibility\": true}','{\"text\": 3, \"value\": 3, \"visibility\": true}',1,'2022-08-21 23:16:31','2022-08-21 23:16:31'),(216,17,'32','4','{\"text\": 1, \"value\": 1, \"visibility\": true}','{\"text\": 2, \"value\": 2, \"visibility\": true}',0,'2022-08-21 23:16:41','2022-08-21 23:16:41'),(217,17,'40','4','{\"text\": 0, \"value\": 0, \"visibility\": true}','{\"text\": 1, \"value\": 1, \"visibility\": true}',0,'2022-08-21 23:16:53','2022-08-21 23:16:53'),(218,17,'38','4','{\"text\": 1, \"value\": 1, \"visibility\": true}','{\"text\": 2, \"value\": 2, \"visibility\": true}',0,'2022-08-21 23:17:03','2022-08-21 23:17:03'),(219,1,'27','3','{\"text\": 1, \"value\": 1, \"visibility\": true}','{\"text\": 2, \"value\": 2, \"visibility\": true}',1,'2022-08-22 02:01:59','2022-08-22 13:05:10'),(220,31,'27','3','{\"text\": 1, \"value\": 1, \"visibility\": true}','{\"text\": 1, \"value\": 1, \"visibility\": true}',1,'2022-08-22 11:09:12','2022-08-22 11:09:12'),(221,32,'27','3','{\"text\": 1, \"value\": 1, \"visibility\": true}','{\"text\": 2, \"value\": 2, \"visibility\": true}',1,'2022-08-22 11:13:40','2022-08-22 11:13:40'),(222,33,'27','3','{\"text\": 2, \"value\": 2, \"visibility\": true}','{\"text\": 1, \"value\": 1, \"visibility\": true}',0,'2022-08-22 11:18:09','2022-08-22 11:18:09'),(223,35,'27','3','{\"text\": 1, \"value\": 1, \"visibility\": true}','{\"text\": 2, \"value\": 2, \"visibility\": true}',1,'2022-08-22 15:49:08','2022-08-22 15:49:26'),(224,36,'27','3','{\"text\": 2, \"value\": 2, \"visibility\": true}','{\"text\": 1, \"value\": 1, \"visibility\": true}',0,'2022-08-22 18:45:02','2022-08-22 18:45:02'),(225,36,'39','4','{\"text\": 1, \"value\": 1, \"visibility\": true}','{\"text\": 1, \"value\": 1, \"visibility\": true}',1,'2022-08-22 18:47:51','2022-08-22 18:48:04'),(226,36,'33','4','{\"text\": 0, \"value\": 0, \"visibility\": true}','{\"text\": 2, \"value\": 2, \"visibility\": true}',0,'2022-08-22 18:48:23','2022-08-22 18:48:23'),(227,37,'27','3','{\"text\": 1, \"value\": 1, \"visibility\": true}','{\"text\": 3, \"value\": 3, \"visibility\": true}',1,'2022-08-22 18:48:36','2022-08-22 18:48:36'),(228,36,'34','4','{\"text\": 3, \"value\": 3, \"visibility\": true}','{\"text\": 0, \"value\": 0, \"visibility\": true}',0,'2022-08-22 18:48:46','2022-08-22 18:49:01'),(229,36,'35','4','{\"text\": 1, \"value\": 1, \"visibility\": true}','{\"text\": 2, \"value\": 2, \"visibility\": true}',0,'2022-08-22 18:49:21','2022-08-22 18:49:21'),(230,38,'27','3','{\"text\": 2, \"value\": 2, \"visibility\": true}','{\"text\": 0, \"value\": 0, \"visibility\": true}',1,'2022-08-22 18:57:39','2022-08-22 18:58:10'),(231,34,'27','3','{\"text\": 2, \"value\": 2, \"visibility\": true}','{\"text\": 1, \"value\": 1, \"visibility\": true}',0,'2022-08-22 21:51:20','2022-08-22 21:51:20'),(232,11,'39','4','{\"text\": 1, \"value\": 1, \"visibility\": true}','{\"text\": 1, \"value\": 1, \"visibility\": true}',0,'2022-08-23 09:00:49','2022-08-23 09:00:49'),(233,11,'33','4','{\"text\": 3, \"value\": 3, \"visibility\": true}','{\"text\": 1, \"value\": 1, \"visibility\": true}',0,'2022-08-23 09:01:02','2022-08-23 09:01:02'),(234,11,'34','4','{\"text\": 2, \"value\": 2, \"visibility\": true}','{\"text\": 1, \"value\": 1, \"visibility\": true}',0,'2022-08-23 09:01:21','2022-08-23 09:01:21'),(235,11,'35','4','{\"text\": 2, \"value\": 2, \"visibility\": true}','{\"text\": 0, \"value\": 0, \"visibility\": true}',0,'2022-08-23 09:01:34','2022-08-23 09:01:34'),(236,11,'36','4','{\"text\": 3, \"value\": 3, \"visibility\": true}','{\"text\": 1, \"value\": 1, \"visibility\": true}',0,'2022-08-23 09:02:02','2022-08-23 09:02:02'),(237,11,'37','4','{\"text\": 4, \"value\": 4, \"visibility\": true}','{\"text\": 1, \"value\": 1, \"visibility\": true}',0,'2022-08-23 09:02:24','2022-08-23 09:02:24'),(238,11,'38','4','{\"text\": 1, \"value\": 1, \"visibility\": true}','{\"text\": 2, \"value\": 2, \"visibility\": true}',0,'2022-08-23 09:02:42','2022-08-23 09:02:42'),(239,11,'40','4','{\"text\": 0, \"value\": 0, \"visibility\": true}','{\"text\": 0, \"value\": 0, \"visibility\": true}',0,'2022-08-23 09:02:53','2022-08-23 09:02:53'),(240,11,'32','4','{\"text\": 2, \"value\": 2, \"visibility\": true}','{\"text\": 1, \"value\": 1, \"visibility\": true}',0,'2022-08-23 09:03:14','2022-08-23 09:03:14'),(241,11,'31','4','{\"text\": 3, \"value\": 3, \"visibility\": true}','{\"text\": 1, \"value\": 1, \"visibility\": true}',1,'2022-08-23 09:03:31','2022-08-23 09:03:31');
/*!40000 ALTER TABLE `predictions` ENABLE KEYS */;
UNLOCK TABLES;

--
-- Table structure for table `users`
--

DROP TABLE IF EXISTS `users`;
/*!40101 SET @saved_cs_client     = @@character_set_client */;
/*!50503 SET character_set_client = utf8mb4 */;
CREATE TABLE `users` (
  `id` bigint unsigned NOT NULL AUTO_INCREMENT,
  `name` varchar(255) COLLATE utf8mb4_unicode_ci NOT NULL,
  `phone` varchar(255) COLLATE utf8mb4_unicode_ci DEFAULT NULL,
  `email` varchar(255) COLLATE utf8mb4_unicode_ci DEFAULT NULL,
  `email_verified_at` timestamp NULL DEFAULT NULL,
  `phone_verified_at` timestamp NULL DEFAULT NULL,
  `profile` varchar(255) COLLATE utf8mb4_unicode_ci DEFAULT NULL,
  `password` varchar(255) COLLATE utf8mb4_unicode_ci NOT NULL,
  `region` varchar(255) COLLATE utf8mb4_unicode_ci NOT NULL,
  `fav_team` varchar(255) COLLATE utf8mb4_unicode_ci DEFAULT NULL,
  `remember_token` varchar(100) COLLATE utf8mb4_unicode_ci DEFAULT NULL,
  `created_at` timestamp NULL DEFAULT NULL,
  `updated_at` timestamp NULL DEFAULT NULL,
  PRIMARY KEY (`id`)
) ENGINE=InnoDB AUTO_INCREMENT=39 DEFAULT CHARSET=utf8mb4 COLLATE=utf8mb4_unicode_ci;
/*!40101 SET character_set_client = @saved_cs_client */;

--
-- Dumping data for table `users`
--

LOCK TABLES `users` WRITE;
/*!40000 ALTER TABLE `users` DISABLE KEYS */;
INSERT INTO `users` VALUES (1,'Sai Main Seng Kham','09756783439',NULL,NULL,NULL,'1.jpeg','$2y$10$MfrL8gd0XhzRLeUPgu/eUuflpICo0q.UGDhuk7f0CcU8Iwai7351u','Yangon','1',NULL,'2022-08-08 13:29:40','2022-08-22 01:27:36'),(2,'Nyunt Win Aung','09972709001',NULL,NULL,NULL,NULL,'$2y$10$Z3RAh33Lsh8p4GZPtOhYQ.LhUpIinnPnfCrGJitcgaxwL6vRalBrS','Yangon','1',NULL,'2022-08-08 22:57:31','2022-08-08 22:57:31'),(3,'U Kaung','09942562869',NULL,NULL,NULL,NULL,'$2y$10$Bw5kgbyTlXkhI5kIrkOiVeT1TBRRqR7t9o1YU0QaMysU8/tZAZVdW','Mandalay','17',NULL,'2022-08-11 23:15:51','2022-08-11 23:15:51'),(4,'kk','09791001534',NULL,NULL,NULL,NULL,'$2y$10$sbfz2CgKEby6ZHpTN.HlqebGtCuTO2jS.7mXBXRhHmDynvp31wwja','Yangon','3',NULL,'2022-08-12 11:18:46','2022-08-12 11:18:46'),(5,'shh','09402514569',NULL,NULL,NULL,NULL,'$2y$10$GHyPgTYl16X2JsisYMcHPuufoBEtjAerK6k9VlY6997qB92.bjKI2','Mandalay','14',NULL,'2022-08-17 12:07:49','2022-08-17 12:07:49'),(6,'Hello','09775800678',NULL,NULL,NULL,NULL,'$2y$10$yXV3z7/Hg66GxY0aGexDAOwmG8DbqzmAzK2LMny1CHsIjgLxlQqSq','Yangon','43',NULL,'2022-08-17 12:11:10','2022-08-17 12:11:10'),(7,'thae','09-962092215',NULL,NULL,NULL,NULL,'$2y$10$tRus7b1GA3jpOfXo2Q5RjO1DhhtqtC4eFwDEV7k1GT0LeB.fST6AC','Mandalay','3',NULL,'2022-08-17 12:41:05','2022-08-17 12:41:05'),(8,'Ye Min Kyaw','09771462974',NULL,NULL,NULL,NULL,'$2y$10$t5GL/elsxY3b0nD1QdnYUexehA5LVXVeBfQqyoOzCCWCGi9ui8bEC','Yangon','8',NULL,'2022-08-19 09:18:17','2022-08-19 09:18:17'),(9,'Jack','09693576325',NULL,NULL,NULL,NULL,'$2y$10$.fps7lhFo/50cF0ABLR60e6F.xxNVqMaQs6UuLt5JHsrV.RV89jnO','Yangon','11',NULL,'2022-08-19 09:37:51','2022-08-19 09:37:51'),(10,'Thang Thang','09444018425',NULL,NULL,NULL,NULL,'$2y$10$mOtgkjwcnf4FuV9HeX6xLuYuzi/..rqBoHrYy/Y1ES7U/Xtepqz8O','Sagain','1',NULL,'2022-08-19 10:18:50','2022-08-19 10:18:50'),(11,'Van Lian Bawi','09428395216',NULL,NULL,NULL,NULL,'$2y$10$ZY/Eq6dJpjx4ioNo9ghwzuvj5HwDMpGTJm1xi4LO.IintlXG.xktK','Shan','14',NULL,'2022-08-19 11:09:56','2022-08-19 11:09:56'),(12,'Min Thiha Kyaw','09777175623',NULL,NULL,NULL,NULL,'$2y$10$6K0RAb6gWMIk9/EQf53Pdu/vvfYVSYY3ihqkDDCFxN6wZDOU4MuiG','Yangon','14',NULL,'2022-08-19 11:32:18','2022-08-19 11:32:18'),(13,'Hector','09764762563',NULL,NULL,NULL,NULL,'$2y$10$8UfeeXJud0IbGXsFyGWiz.fY5rqPWFjYXMxzFzfOOmFHdgUXFGIc2','Yangon','3',NULL,'2022-08-19 11:37:03','2022-08-19 11:37:03'),(14,'Aung Thu Han','0959404545622',NULL,NULL,NULL,NULL,'$2y$10$IzCh/tDCQWLNa.mEvO50xOFAvQVOKxnKhV9Sm98hASXF.TNv7lRE2','Kayin','1',NULL,'2022-08-19 11:44:59','2022-08-19 11:44:59'),(15,'Thang Mang','09254842985',NULL,NULL,NULL,NULL,'$2y$10$SACRriiXqvKSrpbeZiq9x.mlGkWFegKRbp4eFl0pQquvkuQsPGQ5S','Sagain','1',NULL,'2022-08-19 13:08:57','2022-08-19 13:08:57'),(16,'soe moe naing','09789703622',NULL,NULL,NULL,NULL,'$2y$10$YVrqdtDnnPBtNxqzqytGquTzW0/zpNpj.IkR9gmR.IIlDM7mHcTT.','Yangon','8',NULL,'2022-08-19 14:34:14','2022-08-19 14:34:14'),(17,'Larry Lynn','09763598750',NULL,NULL,NULL,NULL,'$2y$10$ITmY9h9OwGaosoWAYGmqSOsDOQVuFluHpd.1XITq8AqlEAsbEx.xm','Yangon','1',NULL,'2022-08-19 14:36:58','2022-08-19 14:36:58'),(18,'Maw Koon','09781607695',NULL,NULL,NULL,'18.jpg','$2y$10$lKFvxBQEUbo/28G9ixHg0OR0kdARh0DSYSgMy71VnDSJbuXylcWx.','Magway','8',NULL,'2022-08-19 14:38:25','2022-08-19 14:38:51'),(19,'Leophone','09442521077',NULL,NULL,NULL,NULL,'$2y$10$vuvZpP3eCwnmUSuOz/Ub/eYzu3DI1JhU8FYF7NKxm3Yj7R4mWTrVy','Magway','3',NULL,'2022-08-19 14:54:49','2022-08-19 14:54:49'),(20,'Thurein','09779618027',NULL,NULL,NULL,NULL,'$2y$10$hO4KkMz4wFW9MD780m.ReeZOURRTWcloKn4cQEMUsVdNzPuRldmMK','Yangon','1',NULL,'2022-08-19 16:09:43','2022-08-19 16:09:43'),(21,'Toe Kyaw Thet','09756192042',NULL,NULL,NULL,NULL,'$2y$10$WIoNr.2CEJieIrFpb6hnp.9brbFM8ZT3BPKE6wOOpZpb30pc4/Ura','Yangon','8',NULL,'2022-08-19 16:45:58','2022-08-19 16:45:58'),(22,'Bjorn','09769348186',NULL,NULL,NULL,NULL,'$2y$10$Rtx4DRvZcqAatqiFJPLu3OfzoLbDOWcn4GO.D0AROAFuAmedVaoKq','Yangon','3',NULL,'2022-08-19 17:03:31','2022-08-19 17:03:31'),(23,'Sn','09782507695',NULL,NULL,NULL,'23.jpg','$2y$10$zbalDlGQHDBjuhRFUbIUdOymNP89xWAueBI2ef/45lcNTCESuWHyS','Yangon','14',NULL,'2022-08-19 18:38:12','2022-08-19 18:39:01'),(24,'Kyaw Mie Thein','09261171557',NULL,NULL,NULL,NULL,'$2y$10$42Is7TWIj73RkcAPUBiyIeNBlABipfRkSQ6KxH9q6HKj0BT7yu2XS','Yangon','8',NULL,'2022-08-19 19:38:22','2022-08-19 19:38:22'),(25,'ZXC','09798567357',NULL,NULL,NULL,NULL,'$2y$10$6x2dBUfAtH9rL7p9RMvnFet9mF9.MGsj.uKon4hh17S.V9WXwz14S','Yangon','3',NULL,'2022-08-20 00:28:32','2022-08-20 00:28:32'),(26,'Swal','09781378150',NULL,NULL,NULL,NULL,'$2y$10$zghBfFMqHTh4ZbCA8F4kXOeoLgchulPQJojPJaKrpGJjd2yMQg19K','Mandalay','1',NULL,'2022-08-20 14:43:05','2022-08-20 14:43:05'),(27,'Aapire Shin','09400511331',NULL,NULL,NULL,NULL,'$2y$10$w5jM4buNjrTjD8Lz2ryYc.g9xjwAPesgm8S1bpHTvvHa/pNXNP/WO','Mandalay','8',NULL,'2022-08-21 14:31:28','2022-08-21 14:31:28'),(28,'Shine Ko','09880576566',NULL,NULL,NULL,NULL,'$2y$10$edf0DTa3soXif9lPWfIngu7R/JQCcYob2MbBw00w.I4UAI4MN9qgK','Yangon','43',NULL,'2022-08-21 23:10:18','2022-08-21 23:10:18'),(29,'Htet Aung Kyaw','09794280133',NULL,NULL,NULL,NULL,'$2y$10$ttUf/WOyisrfo.T7Rfxc.OBffoaMyLq1Mt.LH3Kz5JuViQ/umRvS6','Yangon','1',NULL,'2022-08-21 23:15:44','2022-08-21 23:15:44'),(30,'Salai','09797708827',NULL,NULL,NULL,NULL,'$2y$10$BlBjRa09Y0sX/4v5yWcT8Ob5FKcThQmFltk86g6AKc7E9QaSRqA82','Naypyidaw','14',NULL,'2022-08-22 00:11:00','2022-08-22 00:11:00'),(31,'Aung Zin Htet','09792322575',NULL,NULL,NULL,NULL,'$2y$10$g0x.8NTX1z2znIcR58sWxuDhLnKJrQoJcB4F.7wwEHu7qkpTgIYNi','Mandalay','3',NULL,'2022-08-22 11:08:05','2022-08-22 11:08:05'),(32,'Shane Maung Maung','09968288861',NULL,NULL,NULL,NULL,'$2y$10$h6AEC1lOWltKjt.tHDwIEuE5Af4WNK7NoiYbnc2aAg.G85rbDjSlu','Mandalay','3',NULL,'2022-08-22 11:12:38','2022-08-22 11:12:38'),(33,'Soe Thant','09952057083',NULL,NULL,NULL,NULL,'$2y$10$Z/f6meiBzqZ1yJQ7EhL/S.7ErC12TYN1SIEe32zBZsgViniqHUpVa','Mandalay','3',NULL,'2022-08-22 11:16:12','2022-08-22 11:16:12'),(34,'Aung Khaing Myint','09400532528',NULL,NULL,NULL,NULL,'$2y$10$cFGzTJqDy0wm2Ley2oDjp.SDGYJpYp3nt5zZRGD/F4xg0IfMY/tUG','Yangon','1',NULL,'2022-08-22 13:21:10','2022-08-22 13:21:10'),(35,'Myo Min Oo','09403242020',NULL,NULL,NULL,NULL,'$2y$10$0l2VZpeQNTYHrkLrKN7jyOwOK1Mh9t.nY.dxfFzbaIHNX.CVfMIRK','Mandalay','8',NULL,'2022-08-22 15:48:01','2022-08-22 15:48:01'),(36,'Thaw Zin','09425309721',NULL,NULL,NULL,NULL,'$2y$10$0TKNoU6LqV.uOBCzcqi0cufE7TrT4HKRTnFLhNwcqCzgBwKD4uS6q','Mandalay','1',NULL,'2022-08-22 18:43:56','2022-08-22 18:43:56'),(37,'Rowa','09254142155',NULL,NULL,NULL,NULL,'$2y$10$mms2pTxZysLyA4OtWiHHO.brVqB4J8PaaRrdt9AFCd571FkR6eA76','Mandalay','8',NULL,'2022-08-22 18:48:03','2022-08-22 18:48:03'),(38,'Thiha Nyi Nyi Zaw','09977059894',NULL,NULL,NULL,NULL,'$2y$10$3FRwOa10WrQA1CucvQVBGuP0NPMHh6pNNmiAnFeQY7yDkLTaYPYL.','Yangon','1',NULL,'2022-08-22 18:56:30','2022-08-22 18:56:30');
/*!40000 ALTER TABLE `users` ENABLE KEYS */;
UNLOCK TABLES;
/*!40103 SET TIME_ZONE=@OLD_TIME_ZONE */;

/*!40101 SET SQL_MODE=@OLD_SQL_MODE */;
/*!40014 SET FOREIGN_KEY_CHECKS=@OLD_FOREIGN_KEY_CHECKS */;
/*!40014 SET UNIQUE_CHECKS=@OLD_UNIQUE_CHECKS */;
/*!40101 SET CHARACTER_SET_CLIENT=@OLD_CHARACTER_SET_CLIENT */;
/*!40101 SET CHARACTER_SET_RESULTS=@OLD_CHARACTER_SET_RESULTS */;
/*!40101 SET COLLATION_CONNECTION=@OLD_COLLATION_CONNECTION */;
/*!40111 SET SQL_NOTES=@OLD_SQL_NOTES */;

-- Dump completed on 2022-08-23  4:25:19
